SampleID	Population
AFR___ACB___HG01879	African
AFR___ACB___HG01880	African
AFR___ACB___HG01882	African
AFR___ACB___HG01883	African
AFR___ACB___HG01885	African
AFR___ACB___HG01886	African
AFR___ACB___HG01889	African
AFR___ACB___HG01890	African
AFR___ACB___HG01894	African
AFR___ACB___HG01896	African
AFR___ACB___HG01912	African
AFR___ACB___HG01914	African
AFR___ACB___HG01915	African
AFR___ACB___HG01956	African
AFR___ACB___HG01958	African
AFR___ACB___HG01985	African
AFR___ACB___HG01986	African
AFR___ACB___HG01988	African
AFR___ACB___HG01989	African
AFR___ACB___HG01990	African
AFR___ACB___HG02009	African
AFR___ACB___HG02010	African
AFR___ACB___HG02012	African
AFR___ACB___HG02013	African
AFR___ACB___HG02014	African
AFR___ACB___HG02051	African
AFR___ACB___HG02052	African
AFR___ACB___HG02053	African
AFR___ACB___HG02054	African
AFR___ACB___HG02095	African
AFR___ACB___HG02107	African
AFR___ACB___HG02108	African
AFR___ACB___HG02111	African
AFR___ACB___HG02143	African
AFR___ACB___HG02144	African
AFR___ACB___HG02255	African
AFR___ACB___HG02256	African
AFR___ACB___HG02281	African
AFR___ACB___HG02282	African
AFR___ACB___HG02283	African
AFR___ACB___HG02284	African
AFR___ACB___HG02307	African
AFR___ACB___HG02308	African
AFR___ACB___HG02309	African
AFR___ACB___HG02314	African
AFR___ACB___HG02315	African
AFR___ACB___HG02317	African
AFR___ACB___HG02318	African
AFR___ACB___HG02322	African
AFR___ACB___HG02323	African
AFR___ACB___HG02325	African
AFR___ACB___HG02330	African
AFR___ACB___HG02332	African
AFR___ACB___HG02334	African
AFR___ACB___HG02337	African
AFR___ACB___HG02339	African
AFR___ACB___HG02343	African
AFR___ACB___HG02419	African
AFR___ACB___HG02420	African
AFR___ACB___HG02427	African
AFR___ACB___HG02429	African
AFR___ACB___HG02433	African
AFR___ACB___HG02436	African
AFR___ACB___HG02439	African
AFR___ACB___HG02442	African
AFR___ACB___HG02445	African
AFR___ACB___HG02449	African
AFR___ACB___HG02450	African
AFR___ACB___HG02455	African
AFR___ACB___HG02470	African
AFR___ACB___HG02471	African
AFR___ACB___HG02476	African
AFR___ACB___HG02477	African
AFR___ACB___HG02479	African
AFR___ACB___HG02481	African
AFR___ACB___HG02484	African
AFR___ACB___HG02485	African
AFR___ACB___HG02489	African
AFR___ACB___HG02496	African
AFR___ACB___HG02497	African
AFR___ACB___HG02501	African
AFR___ACB___HG02502	African
AFR___ACB___HG02505	African
AFR___ACB___HG02508	African
AFR___ACB___HG02511	African
AFR___ACB___HG02536	African
AFR___ACB___HG02537	African
AFR___ACB___HG02541	African
AFR___ACB___HG02545	African
AFR___ACB___HG02546	African
AFR___ACB___HG02549	African
AFR___ACB___HG02554	African
AFR___ACB___HG02555	African
AFR___ACB___HG02557	African
AFR___ACB___HG02558	African
AFR___ACB___HG02577	African
AFR___ACB___HG02580	African
AFR___ASW___NA19625	African
AFR___ASW___NA19700	African
AFR___ASW___NA19701	African
AFR___ASW___NA19703	African
AFR___ASW___NA19704	African
AFR___ASW___NA19707	African
AFR___ASW___NA19711	African
AFR___ASW___NA19712	African
AFR___ASW___NA19713	African
AFR___ASW___NA19818	African
AFR___ASW___NA19819	African
AFR___ASW___NA19834	African
AFR___ASW___NA19835	African
AFR___ASW___NA19900	African
AFR___ASW___NA19901	African
AFR___ASW___NA19904	African
AFR___ASW___NA19908	African
AFR___ASW___NA19909	African
AFR___ASW___NA19913	African
AFR___ASW___NA19914	African
AFR___ASW___NA19916	African
AFR___ASW___NA19917	African
AFR___ASW___NA19920	African
AFR___ASW___NA19921	African
AFR___ASW___NA19922	African
AFR___ASW___NA19923	African
AFR___ASW___NA19982	African
AFR___ASW___NA19984	African
AFR___ASW___NA20126	African
AFR___ASW___NA20127	African
AFR___ASW___NA20274	African
AFR___ASW___NA20276	African
AFR___ASW___NA20278	African
AFR___ASW___NA20281	African
AFR___ASW___NA20282	African
AFR___ASW___NA20287	African
AFR___ASW___NA20289	African
AFR___ASW___NA20291	African
AFR___ASW___NA20294	African
AFR___ASW___NA20296	African
AFR___ASW___NA20298	African
AFR___ASW___NA20299	African
AFR___ASW___NA20314	African
AFR___ASW___NA20317	African
AFR___ASW___NA20318	African
AFR___ASW___NA20320	African
AFR___ASW___NA20321	African
AFR___ASW___NA20332	African
AFR___ASW___NA20334	African
AFR___ASW___NA20339	African
AFR___ASW___NA20340	African
AFR___ASW___NA20342	African
AFR___ASW___NA20346	African
AFR___ASW___NA20348	African
AFR___ASW___NA20351	African
AFR___ASW___NA20355	African
AFR___ASW___NA20356	African
AFR___ASW___NA20357	African
AFR___ASW___NA20359	African
AFR___ASW___NA20362	African
AFR___ASW___NA20412	African
AFR___ESN___HG02922	African
AFR___ESN___HG02923	African
AFR___ESN___HG02938	African
AFR___ESN___HG02941	African
AFR___ESN___HG02943	African
AFR___ESN___HG02944	African
AFR___ESN___HG02946	African
AFR___ESN___HG02947	African
AFR___ESN___HG02952	African
AFR___ESN___HG02953	African
AFR___ESN___HG02968	African
AFR___ESN___HG02970	African
AFR___ESN___HG02971	African
AFR___ESN___HG02973	African
AFR___ESN___HG02974	African
AFR___ESN___HG02976	African
AFR___ESN___HG02977	African
AFR___ESN___HG02979	African
AFR___ESN___HG02981	African
AFR___ESN___HG03099	African
AFR___ESN___HG03100	African
AFR___ESN___HG03103	African
AFR___ESN___HG03105	African
AFR___ESN___HG03108	African
AFR___ESN___HG03109	African
AFR___ESN___HG03111	African
AFR___ESN___HG03112	African
AFR___ESN___HG03114	African
AFR___ESN___HG03115	African
AFR___ESN___HG03117	African
AFR___ESN___HG03118	African
AFR___ESN___HG03120	African
AFR___ESN___HG03121	African
AFR___ESN___HG03123	African
AFR___ESN___HG03124	African
AFR___ESN___HG03126	African
AFR___ESN___HG03127	African
AFR___ESN___HG03129	African
AFR___ESN___HG03130	African
AFR___ESN___HG03132	African
AFR___ESN___HG03133	African
AFR___ESN___HG03135	African
AFR___ESN___HG03136	African
AFR___ESN___HG03139	African
AFR___ESN___HG03157	African
AFR___ESN___HG03159	African
AFR___ESN___HG03160	African
AFR___ESN___HG03162	African
AFR___ESN___HG03163	African
AFR___ESN___HG03166	African
AFR___ESN___HG03168	African
AFR___ESN___HG03169	African
AFR___ESN___HG03171	African
AFR___ESN___HG03172	African
AFR___ESN___HG03175	African
AFR___ESN___HG03189	African
AFR___ESN___HG03190	African
AFR___ESN___HG03193	African
AFR___ESN___HG03195	African
AFR___ESN___HG03196	African
AFR___ESN___HG03198	African
AFR___ESN___HG03199	African
AFR___ESN___HG03202	African
AFR___ESN___HG03265	African
AFR___ESN___HG03267	African
AFR___ESN___HG03268	African
AFR___ESN___HG03270	African
AFR___ESN___HG03271	African
AFR___ESN___HG03279	African
AFR___ESN___HG03280	African
AFR___ESN___HG03291	African
AFR___ESN___HG03294	African
AFR___ESN___HG03295	African
AFR___ESN___HG03297	African
AFR___ESN___HG03298	African
AFR___ESN___HG03300	African
AFR___ESN___HG03301	African
AFR___ESN___HG03303	African
AFR___ESN___HG03304	African
AFR___ESN___HG03311	African
AFR___ESN___HG03313	African
AFR___ESN___HG03342	African
AFR___ESN___HG03343	African
AFR___ESN___HG03351	African
AFR___ESN___HG03352	African
AFR___ESN___HG03354	African
AFR___ESN___HG03363	African
AFR___ESN___HG03366	African
AFR___ESN___HG03367	African
AFR___ESN___HG03369	African
AFR___ESN___HG03370	African
AFR___ESN___HG03372	African
AFR___ESN___HG03499	African
AFR___ESN___HG03511	African
AFR___ESN___HG03514	African
AFR___ESN___HG03515	African
AFR___ESN___HG03517	African
AFR___ESN___HG03518	African
AFR___ESN___HG03520	African
AFR___ESN___HG03521	African
AFR___GWD___HG02461	African
AFR___GWD___HG02462	African
AFR___GWD___HG02464	African
AFR___GWD___HG02465	African
AFR___GWD___HG02561	African
AFR___GWD___HG02562	African
AFR___GWD___HG02568	African
AFR___GWD___HG02570	African
AFR___GWD___HG02571	African
AFR___GWD___HG02573	African
AFR___GWD___HG02574	African
AFR___GWD___HG02582	African
AFR___GWD___HG02583	African
AFR___GWD___HG02585	African
AFR___GWD___HG02586	African
AFR___GWD___HG02588	African
AFR___GWD___HG02589	African
AFR___GWD___HG02594	African
AFR___GWD___HG02595	African
AFR___GWD___HG02610	African
AFR___GWD___HG02611	African
AFR___GWD___HG02613	African
AFR___GWD___HG02614	African
AFR___GWD___HG02620	African
AFR___GWD___HG02621	African
AFR___GWD___HG02623	African
AFR___GWD___HG02624	African
AFR___GWD___HG02628	African
AFR___GWD___HG02629	African
AFR___GWD___HG02634	African
AFR___GWD___HG02635	African
AFR___GWD___HG02642	African
AFR___GWD___HG02643	African
AFR___GWD___HG02645	African
AFR___GWD___HG02646	African
AFR___GWD___HG02666	African
AFR___GWD___HG02667	African
AFR___GWD___HG02675	African
AFR___GWD___HG02676	African
AFR___GWD___HG02678	African
AFR___GWD___HG02679	African
AFR___GWD___HG02702	African
AFR___GWD___HG02703	African
AFR___GWD___HG02715	African
AFR___GWD___HG02716	African
AFR___GWD___HG02721	African
AFR___GWD___HG02722	African
AFR___GWD___HG02756	African
AFR___GWD___HG02757	African
AFR___GWD___HG02759	African
AFR___GWD___HG02760	African
AFR___GWD___HG02763	African
AFR___GWD___HG02768	African
AFR___GWD___HG02769	African
AFR___GWD___HG02771	African
AFR___GWD___HG02772	African
AFR___GWD___HG02798	African
AFR___GWD___HG02799	African
AFR___GWD___HG02804	African
AFR___GWD___HG02805	African
AFR___GWD___HG02807	African
AFR___GWD___HG02808	African
AFR___GWD___HG02810	African
AFR___GWD___HG02811	African
AFR___GWD___HG02813	African
AFR___GWD___HG02814	African
AFR___GWD___HG02816	African
AFR___GWD___HG02817	African
AFR___GWD___HG02819	African
AFR___GWD___HG02820	African
AFR___GWD___HG02836	African
AFR___GWD___HG02837	African
AFR___GWD___HG02839	African
AFR___GWD___HG02840	African
AFR___GWD___HG02851	African
AFR___GWD___HG02852	African
AFR___GWD___HG02854	African
AFR___GWD___HG02855	African
AFR___GWD___HG02860	African
AFR___GWD___HG02861	African
AFR___GWD___HG02870	African
AFR___GWD___HG02878	African
AFR___GWD___HG02879	African
AFR___GWD___HG02881	African
AFR___GWD___HG02882	African
AFR___GWD___HG02884	African
AFR___GWD___HG02885	African
AFR___GWD___HG02887	African
AFR___GWD___HG02888	African
AFR___GWD___HG02890	African
AFR___GWD___HG02891	African
AFR___GWD___HG02895	African
AFR___GWD___HG02896	African
AFR___GWD___HG02982	African
AFR___GWD___HG02983	African
AFR___GWD___HG03024	African
AFR___GWD___HG03025	African
AFR___GWD___HG03027	African
AFR___GWD___HG03028	African
AFR___GWD___HG03039	African
AFR___GWD___HG03040	African
AFR___GWD___HG03045	African
AFR___GWD___HG03046	African
AFR___GWD___HG03048	African
AFR___GWD___HG03049	African
AFR___GWD___HG03240	African
AFR___GWD___HG03241	African
AFR___GWD___HG03246	African
AFR___GWD___HG03247	African
AFR___GWD___HG03258	African
AFR___GWD___HG03259	African
AFR___GWD___HG03538	African
AFR___GWD___HG03539	African
AFR___LWK___NA19017	African
AFR___LWK___NA19019	African
AFR___LWK___NA19020	African
AFR___LWK___NA19023	African
AFR___LWK___NA19024	African
AFR___LWK___NA19025	African
AFR___LWK___NA19026	African
AFR___LWK___NA19027	African
AFR___LWK___NA19028	African
AFR___LWK___NA19030	African
AFR___LWK___NA19031	African
AFR___LWK___NA19035	African
AFR___LWK___NA19036	African
AFR___LWK___NA19037	African
AFR___LWK___NA19038	African
AFR___LWK___NA19041	African
AFR___LWK___NA19042	African
AFR___LWK___NA19043	African
AFR___LWK___NA19044	African
AFR___LWK___NA19307	African
AFR___LWK___NA19308	African
AFR___LWK___NA19309	African
AFR___LWK___NA19310	African
AFR___LWK___NA19312	African
AFR___LWK___NA19314	African
AFR___LWK___NA19315	African
AFR___LWK___NA19316	African
AFR___LWK___NA19317	African
AFR___LWK___NA19318	African
AFR___LWK___NA19319	African
AFR___LWK___NA19320	African
AFR___LWK___NA19321	African
AFR___LWK___NA19323	African
AFR___LWK___NA19324	African
AFR___LWK___NA19327	African
AFR___LWK___NA19328	African
AFR___LWK___NA19331	African
AFR___LWK___NA19332	African
AFR___LWK___NA19334	African
AFR___LWK___NA19338	African
AFR___LWK___NA19346	African
AFR___LWK___NA19347	African
AFR___LWK___NA19350	African
AFR___LWK___NA19351	African
AFR___LWK___NA19355	African
AFR___LWK___NA19359	African
AFR___LWK___NA19360	African
AFR___LWK___NA19371	African
AFR___LWK___NA19372	African
AFR___LWK___NA19374	African
AFR___LWK___NA19375	African
AFR___LWK___NA19376	African
AFR___LWK___NA19377	African
AFR___LWK___NA19378	African
AFR___LWK___NA19379	African
AFR___LWK___NA19380	African
AFR___LWK___NA19383	African
AFR___LWK___NA19384	African
AFR___LWK___NA19385	African
AFR___LWK___NA19390	African
AFR___LWK___NA19391	African
AFR___LWK___NA19393	African
AFR___LWK___NA19394	African
AFR___LWK___NA19395	African
AFR___LWK___NA19397	African
AFR___LWK___NA19398	African
AFR___LWK___NA19399	African
AFR___LWK___NA19401	African
AFR___LWK___NA19403	African
AFR___LWK___NA19404	African
AFR___LWK___NA19428	African
AFR___LWK___NA19429	African
AFR___LWK___NA19430	African
AFR___LWK___NA19431	African
AFR___LWK___NA19434	African
AFR___LWK___NA19435	African
AFR___LWK___NA19436	African
AFR___LWK___NA19437	African
AFR___LWK___NA19438	African
AFR___LWK___NA19439	African
AFR___LWK___NA19440	African
AFR___LWK___NA19443	African
AFR___LWK___NA19445	African
AFR___LWK___NA19446	African
AFR___LWK___NA19448	African
AFR___LWK___NA19449	African
AFR___LWK___NA19451	African
AFR___LWK___NA19452	African
AFR___LWK___NA19454	African
AFR___LWK___NA19455	African
AFR___LWK___NA19456	African
AFR___LWK___NA19457	African
AFR___LWK___NA19461	African
AFR___LWK___NA19462	African
AFR___LWK___NA19463	African
AFR___LWK___NA19466	African
AFR___LWK___NA19467	African
AFR___LWK___NA19468	African
AFR___LWK___NA19471	African
AFR___LWK___NA19472	African
AFR___LWK___NA19473	African
AFR___LWK___NA19474	African
AFR___LWK___NA19475	African
AFR___MSL___HG03052	African
AFR___MSL___HG03054	African
AFR___MSL___HG03055	African
AFR___MSL___HG03057	African
AFR___MSL___HG03058	African
AFR___MSL___HG03060	African
AFR___MSL___HG03061	African
AFR___MSL___HG03063	African
AFR___MSL___HG03064	African
AFR___MSL___HG03066	African
AFR___MSL___HG03069	African
AFR___MSL___HG03072	African
AFR___MSL___HG03073	African
AFR___MSL___HG03074	African
AFR___MSL___HG03077	African
AFR___MSL___HG03078	African
AFR___MSL___HG03079	African
AFR___MSL___HG03081	African
AFR___MSL___HG03082	African
AFR___MSL___HG03084	African
AFR___MSL___HG03085	African
AFR___MSL___HG03086	African
AFR___MSL___HG03088	African
AFR___MSL___HG03091	African
AFR___MSL___HG03095	African
AFR___MSL___HG03096	African
AFR___MSL___HG03097	African
AFR___MSL___HG03209	African
AFR___MSL___HG03212	African
AFR___MSL___HG03224	African
AFR___MSL___HG03225	African
AFR___MSL___HG03376	African
AFR___MSL___HG03378	African
AFR___MSL___HG03380	African
AFR___MSL___HG03382	African
AFR___MSL___HG03385	African
AFR___MSL___HG03388	African
AFR___MSL___HG03391	African
AFR___MSL___HG03393	African
AFR___MSL___HG03394	African
AFR___MSL___HG03397	African
AFR___MSL___HG03398	African
AFR___MSL___HG03401	African
AFR___MSL___HG03410	African
AFR___MSL___HG03419	African
AFR___MSL___HG03428	African
AFR___MSL___HG03431	African
AFR___MSL___HG03432	African
AFR___MSL___HG03433	African
AFR___MSL___HG03436	African
AFR___MSL___HG03437	African
AFR___MSL___HG03439	African
AFR___MSL___HG03442	African
AFR___MSL___HG03445	African
AFR___MSL___HG03446	African
AFR___MSL___HG03449	African
AFR___MSL___HG03451	African
AFR___MSL___HG03452	African
AFR___MSL___HG03455	African
AFR___MSL___HG03457	African
AFR___MSL___HG03458	African
AFR___MSL___HG03460	African
AFR___MSL___HG03461	African
AFR___MSL___HG03462	African
AFR___MSL___HG03464	African
AFR___MSL___HG03469	African
AFR___MSL___HG03470	African
AFR___MSL___HG03472	African
AFR___MSL___HG03473	African
AFR___MSL___HG03476	African
AFR___MSL___HG03478	African
AFR___MSL___HG03479	African
AFR___MSL___HG03484	African
AFR___MSL___HG03485	African
AFR___MSL___HG03547	African
AFR___MSL___HG03548	African
AFR___MSL___HG03549	African
AFR___MSL___HG03556	African
AFR___MSL___HG03557	African
AFR___MSL___HG03558	African
AFR___MSL___HG03559	African
AFR___MSL___HG03563	African
AFR___MSL___HG03565	African
AFR___MSL___HG03567	African
AFR___MSL___HG03571	African
AFR___MSL___HG03572	African
AFR___MSL___HG03575	African
AFR___MSL___HG03577	African
AFR___MSL___HG03578	African
AFR___MSL___HG03583	African
AFR___YRI___NA18486	African
AFR___YRI___NA18488	African
AFR___YRI___NA18489	African
AFR___YRI___NA18499	African
AFR___YRI___NA18501	African
AFR___YRI___NA18502	African
AFR___YRI___NA18504	African
AFR___YRI___NA18505	African
AFR___YRI___NA18507	African
AFR___YRI___NA18508	African
AFR___YRI___NA18510	African
AFR___YRI___NA18511	African
AFR___YRI___NA18516	African
AFR___YRI___NA18517	African
AFR___YRI___NA18519	African
AFR___YRI___NA18520	African
AFR___YRI___NA18522	African
AFR___YRI___NA18523	African
AFR___YRI___NA18853	African
AFR___YRI___NA18856	African
AFR___YRI___NA18858	African
AFR___YRI___NA18861	African
AFR___YRI___NA18864	African
AFR___YRI___NA18865	African
AFR___YRI___NA18867	African
AFR___YRI___NA18868	African
AFR___YRI___NA18870	African
AFR___YRI___NA18871	African
AFR___YRI___NA18873	African
AFR___YRI___NA18874	African
AFR___YRI___NA18876	African
AFR___YRI___NA18877	African
AFR___YRI___NA18878	African
AFR___YRI___NA18879	African
AFR___YRI___NA18881	African
AFR___YRI___NA18907	African
AFR___YRI___NA18908	African
AFR___YRI___NA18909	African
AFR___YRI___NA18910	African
AFR___YRI___NA18912	African
AFR___YRI___NA18915	African
AFR___YRI___NA18916	African
AFR___YRI___NA18917	African
AFR___YRI___NA18923	African
AFR___YRI___NA18924	African
AFR___YRI___NA18933	African
AFR___YRI___NA18934	African
AFR___YRI___NA19092	African
AFR___YRI___NA19093	African
AFR___YRI___NA19095	African
AFR___YRI___NA19096	African
AFR___YRI___NA19098	African
AFR___YRI___NA19099	African
AFR___YRI___NA19102	African
AFR___YRI___NA19107	African
AFR___YRI___NA19108	African
AFR___YRI___NA19113	African
AFR___YRI___NA19114	African
AFR___YRI___NA19116	African
AFR___YRI___NA19117	African
AFR___YRI___NA19118	African
AFR___YRI___NA19119	African
AFR___YRI___NA19121	African
AFR___YRI___NA19129	African
AFR___YRI___NA19130	African
AFR___YRI___NA19131	African
AFR___YRI___NA19137	African
AFR___YRI___NA19138	African
AFR___YRI___NA19141	African
AFR___YRI___NA19143	African
AFR___YRI___NA19144	African
AFR___YRI___NA19146	African
AFR___YRI___NA19147	African
AFR___YRI___NA19149	African
AFR___YRI___NA19152	African
AFR___YRI___NA19153	African
AFR___YRI___NA19159	African
AFR___YRI___NA19160	African
AFR___YRI___NA19171	African
AFR___YRI___NA19172	African
AFR___YRI___NA19175	African
AFR___YRI___NA19184	African
AFR___YRI___NA19185	African
AFR___YRI___NA19189	African
AFR___YRI___NA19190	African
AFR___YRI___NA19197	African
AFR___YRI___NA19198	African
AFR___YRI___NA19200	African
AFR___YRI___NA19201	African
AFR___YRI___NA19204	African
AFR___YRI___NA19206	African
AFR___YRI___NA19207	African
AFR___YRI___NA19209	African
AFR___YRI___NA19210	African
AFR___YRI___NA19213	African
AFR___YRI___NA19214	African
AFR___YRI___NA19222	African
AFR___YRI___NA19223	African
AFR___YRI___NA19225	African
AFR___YRI___NA19235	African
AFR___YRI___NA19236	African
AFR___YRI___NA19238	African
AFR___YRI___NA19239	African
AFR___YRI___NA19247	African
AFR___YRI___NA19248	African
AFR___YRI___NA19256	African
AFR___YRI___NA19257	African
AMR___CLM___HG01112	American
AMR___CLM___HG01113	American
AMR___CLM___HG01119	American
AMR___CLM___HG01121	American
AMR___CLM___HG01122	American
AMR___CLM___HG01124	American
AMR___CLM___HG01125	American
AMR___CLM___HG01130	American
AMR___CLM___HG01131	American
AMR___CLM___HG01133	American
AMR___CLM___HG01134	American
AMR___CLM___HG01136	American
AMR___CLM___HG01137	American
AMR___CLM___HG01139	American
AMR___CLM___HG01140	American
AMR___CLM___HG01142	American
AMR___CLM___HG01148	American
AMR___CLM___HG01149	American
AMR___CLM___HG01250	American
AMR___CLM___HG01251	American
AMR___CLM___HG01253	American
AMR___CLM___HG01254	American
AMR___CLM___HG01256	American
AMR___CLM___HG01257	American
AMR___CLM___HG01259	American
AMR___CLM___HG01260	American
AMR___CLM___HG01269	American
AMR___CLM___HG01271	American
AMR___CLM___HG01272	American
AMR___CLM___HG01275	American
AMR___CLM___HG01277	American
AMR___CLM___HG01280	American
AMR___CLM___HG01281	American
AMR___CLM___HG01284	American
AMR___CLM___HG01341	American
AMR___CLM___HG01342	American
AMR___CLM___HG01344	American
AMR___CLM___HG01345	American
AMR___CLM___HG01348	American
AMR___CLM___HG01350	American
AMR___CLM___HG01351	American
AMR___CLM___HG01353	American
AMR___CLM___HG01354	American
AMR___CLM___HG01356	American
AMR___CLM___HG01357	American
AMR___CLM___HG01359	American
AMR___CLM___HG01360	American
AMR___CLM___HG01362	American
AMR___CLM___HG01363	American
AMR___CLM___HG01365	American
AMR___CLM___HG01366	American
AMR___CLM___HG01369	American
AMR___CLM___HG01372	American
AMR___CLM___HG01374	American
AMR___CLM___HG01375	American
AMR___CLM___HG01377	American
AMR___CLM___HG01378	American
AMR___CLM___HG01383	American
AMR___CLM___HG01384	American
AMR___CLM___HG01389	American
AMR___CLM___HG01390	American
AMR___CLM___HG01431	American
AMR___CLM___HG01432	American
AMR___CLM___HG01435	American
AMR___CLM___HG01437	American
AMR___CLM___HG01438	American
AMR___CLM___HG01440	American
AMR___CLM___HG01441	American
AMR___CLM___HG01443	American
AMR___CLM___HG01444	American
AMR___CLM___HG01447	American
AMR___CLM___HG01455	American
AMR___CLM___HG01456	American
AMR___CLM___HG01459	American
AMR___CLM___HG01461	American
AMR___CLM___HG01462	American
AMR___CLM___HG01464	American
AMR___CLM___HG01465	American
AMR___CLM___HG01468	American
AMR___CLM___HG01471	American
AMR___CLM___HG01474	American
AMR___CLM___HG01479	American
AMR___CLM___HG01485	American
AMR___CLM___HG01486	American
AMR___CLM___HG01488	American
AMR___CLM___HG01489	American
AMR___CLM___HG01491	American
AMR___CLM___HG01492	American
AMR___CLM___HG01494	American
AMR___CLM___HG01495	American
AMR___CLM___HG01497	American
AMR___CLM___HG01498	American
AMR___CLM___HG01550	American
AMR___CLM___HG01551	American
AMR___CLM___HG01556	American
AMR___MXL___NA19648	American
AMR___MXL___NA19649	American
AMR___MXL___NA19651	American
AMR___MXL___NA19652	American
AMR___MXL___NA19654	American
AMR___MXL___NA19655	American
AMR___MXL___NA19657	American
AMR___MXL___NA19658	American
AMR___MXL___NA19661	American
AMR___MXL___NA19663	American
AMR___MXL___NA19664	American
AMR___MXL___NA19669	American
AMR___MXL___NA19670	American
AMR___MXL___NA19676	American
AMR___MXL___NA19678	American
AMR___MXL___NA19679	American
AMR___MXL___NA19681	American
AMR___MXL___NA19682	American
AMR___MXL___NA19684	American
AMR___MXL___NA19716	American
AMR___MXL___NA19717	American
AMR___MXL___NA19719	American
AMR___MXL___NA19720	American
AMR___MXL___NA19722	American
AMR___MXL___NA19723	American
AMR___MXL___NA19725	American
AMR___MXL___NA19726	American
AMR___MXL___NA19728	American
AMR___MXL___NA19729	American
AMR___MXL___NA19731	American
AMR___MXL___NA19732	American
AMR___MXL___NA19734	American
AMR___MXL___NA19735	American
AMR___MXL___NA19740	American
AMR___MXL___NA19741	American
AMR___MXL___NA19746	American
AMR___MXL___NA19747	American
AMR___MXL___NA19749	American
AMR___MXL___NA19750	American
AMR___MXL___NA19752	American
AMR___MXL___NA19755	American
AMR___MXL___NA19756	American
AMR___MXL___NA19758	American
AMR___MXL___NA19759	American
AMR___MXL___NA19761	American
AMR___MXL___NA19762	American
AMR___MXL___NA19764	American
AMR___MXL___NA19770	American
AMR___MXL___NA19771	American
AMR___MXL___NA19773	American
AMR___MXL___NA19774	American
AMR___MXL___NA19776	American
AMR___MXL___NA19777	American
AMR___MXL___NA19779	American
AMR___MXL___NA19780	American
AMR___MXL___NA19782	American
AMR___MXL___NA19783	American
AMR___MXL___NA19785	American
AMR___MXL___NA19786	American
AMR___MXL___NA19788	American
AMR___MXL___NA19789	American
AMR___MXL___NA19792	American
AMR___MXL___NA19794	American
AMR___MXL___NA19795	American
AMR___PEL___HG01565	American
AMR___PEL___HG01566	American
AMR___PEL___HG01571	American
AMR___PEL___HG01572	American
AMR___PEL___HG01577	American
AMR___PEL___HG01578	American
AMR___PEL___HG01892	American
AMR___PEL___HG01893	American
AMR___PEL___HG01917	American
AMR___PEL___HG01918	American
AMR___PEL___HG01920	American
AMR___PEL___HG01921	American
AMR___PEL___HG01923	American
AMR___PEL___HG01924	American
AMR___PEL___HG01926	American
AMR___PEL___HG01927	American
AMR___PEL___HG01932	American
AMR___PEL___HG01933	American
AMR___PEL___HG01935	American
AMR___PEL___HG01936	American
AMR___PEL___HG01938	American
AMR___PEL___HG01939	American
AMR___PEL___HG01941	American
AMR___PEL___HG01942	American
AMR___PEL___HG01944	American
AMR___PEL___HG01945	American
AMR___PEL___HG01947	American
AMR___PEL___HG01948	American
AMR___PEL___HG01950	American
AMR___PEL___HG01951	American
AMR___PEL___HG01953	American
AMR___PEL___HG01954	American
AMR___PEL___HG01961	American
AMR___PEL___HG01965	American
AMR___PEL___HG01967	American
AMR___PEL___HG01968	American
AMR___PEL___HG01970	American
AMR___PEL___HG01971	American
AMR___PEL___HG01973	American
AMR___PEL___HG01974	American
AMR___PEL___HG01976	American
AMR___PEL___HG01977	American
AMR___PEL___HG01979	American
AMR___PEL___HG01980	American
AMR___PEL___HG01982	American
AMR___PEL___HG01991	American
AMR___PEL___HG01992	American
AMR___PEL___HG01997	American
AMR___PEL___HG02002	American
AMR___PEL___HG02003	American
AMR___PEL___HG02006	American
AMR___PEL___HG02008	American
AMR___PEL___HG02089	American
AMR___PEL___HG02090	American
AMR___PEL___HG02102	American
AMR___PEL___HG02104	American
AMR___PEL___HG02105	American
AMR___PEL___HG02146	American
AMR___PEL___HG02147	American
AMR___PEL___HG02150	American
AMR___PEL___HG02252	American
AMR___PEL___HG02253	American
AMR___PEL___HG02259	American
AMR___PEL___HG02260	American
AMR___PEL___HG02262	American
AMR___PEL___HG02265	American
AMR___PEL___HG02266	American
AMR___PEL___HG02271	American
AMR___PEL___HG02272	American
AMR___PEL___HG02274	American
AMR___PEL___HG02275	American
AMR___PEL___HG02277	American
AMR___PEL___HG02278	American
AMR___PEL___HG02285	American
AMR___PEL___HG02286	American
AMR___PEL___HG02291	American
AMR___PEL___HG02292	American
AMR___PEL___HG02298	American
AMR___PEL___HG02299	American
AMR___PEL___HG02301	American
AMR___PEL___HG02304	American
AMR___PEL___HG02312	American
AMR___PEL___HG02345	American
AMR___PEL___HG02348	American
AMR___PEL___HG02425	American
AMR___PUR___HG00551	American
AMR___PUR___HG00553	American
AMR___PUR___HG00554	American
AMR___PUR___HG00637	American
AMR___PUR___HG00638	American
AMR___PUR___HG00640	American
AMR___PUR___HG00641	American
AMR___PUR___HG00731	American
AMR___PUR___HG00732	American
AMR___PUR___HG00734	American
AMR___PUR___HG00736	American
AMR___PUR___HG00737	American
AMR___PUR___HG00739	American
AMR___PUR___HG00740	American
AMR___PUR___HG00742	American
AMR___PUR___HG00743	American
AMR___PUR___HG01047	American
AMR___PUR___HG01048	American
AMR___PUR___HG01049	American
AMR___PUR___HG01051	American
AMR___PUR___HG01052	American
AMR___PUR___HG01054	American
AMR___PUR___HG01055	American
AMR___PUR___HG01058	American
AMR___PUR___HG01060	American
AMR___PUR___HG01061	American
AMR___PUR___HG01063	American
AMR___PUR___HG01064	American
AMR___PUR___HG01066	American
AMR___PUR___HG01067	American
AMR___PUR___HG01069	American
AMR___PUR___HG01070	American
AMR___PUR___HG01072	American
AMR___PUR___HG01073	American
AMR___PUR___HG01075	American
AMR___PUR___HG01077	American
AMR___PUR___HG01079	American
AMR___PUR___HG01080	American
AMR___PUR___HG01082	American
AMR___PUR___HG01083	American
AMR___PUR___HG01085	American
AMR___PUR___HG01086	American
AMR___PUR___HG01088	American
AMR___PUR___HG01089	American
AMR___PUR___HG01092	American
AMR___PUR___HG01094	American
AMR___PUR___HG01095	American
AMR___PUR___HG01097	American
AMR___PUR___HG01098	American
AMR___PUR___HG01101	American
AMR___PUR___HG01102	American
AMR___PUR___HG01104	American
AMR___PUR___HG01105	American
AMR___PUR___HG01107	American
AMR___PUR___HG01108	American
AMR___PUR___HG01110	American
AMR___PUR___HG01111	American
AMR___PUR___HG01161	American
AMR___PUR___HG01162	American
AMR___PUR___HG01164	American
AMR___PUR___HG01167	American
AMR___PUR___HG01168	American
AMR___PUR___HG01170	American
AMR___PUR___HG01171	American
AMR___PUR___HG01173	American
AMR___PUR___HG01174	American
AMR___PUR___HG01176	American
AMR___PUR___HG01177	American
AMR___PUR___HG01182	American
AMR___PUR___HG01183	American
AMR___PUR___HG01187	American
AMR___PUR___HG01188	American
AMR___PUR___HG01190	American
AMR___PUR___HG01191	American
AMR___PUR___HG01197	American
AMR___PUR___HG01198	American
AMR___PUR___HG01200	American
AMR___PUR___HG01204	American
AMR___PUR___HG01205	American
AMR___PUR___HG01241	American
AMR___PUR___HG01242	American
AMR___PUR___HG01247	American
AMR___PUR___HG01248	American
AMR___PUR___HG01286	American
AMR___PUR___HG01302	American
AMR___PUR___HG01303	American
AMR___PUR___HG01305	American
AMR___PUR___HG01308	American
AMR___PUR___HG01311	American
AMR___PUR___HG01312	American
AMR___PUR___HG01323	American
AMR___PUR___HG01325	American
AMR___PUR___HG01326	American
AMR___PUR___HG01392	American
AMR___PUR___HG01393	American
AMR___PUR___HG01395	American
AMR___PUR___HG01396	American
AMR___PUR___HG01398	American
AMR___PUR___HG01402	American
AMR___PUR___HG01403	American
AMR___PUR___HG01405	American
AMR___PUR___HG01412	American
AMR___PUR___HG01413	American
AMR___PUR___HG01414	American
EAS___CDX___HG00759	East Asian
EAS___CDX___HG00766	East Asian
EAS___CDX___HG00844	East Asian
EAS___CDX___HG00851	East Asian
EAS___CDX___HG00864	East Asian
EAS___CDX___HG00867	East Asian
EAS___CDX___HG00879	East Asian
EAS___CDX___HG00881	East Asian
EAS___CDX___HG00956	East Asian
EAS___CDX___HG00978	East Asian
EAS___CDX___HG00982	East Asian
EAS___CDX___HG01028	East Asian
EAS___CDX___HG01029	East Asian
EAS___CDX___HG01031	East Asian
EAS___CDX___HG01046	East Asian
EAS___CDX___HG01794	East Asian
EAS___CDX___HG01795	East Asian
EAS___CDX___HG01796	East Asian
EAS___CDX___HG01797	East Asian
EAS___CDX___HG01798	East Asian
EAS___CDX___HG01799	East Asian
EAS___CDX___HG01800	East Asian
EAS___CDX___HG01801	East Asian
EAS___CDX___HG01802	East Asian
EAS___CDX___HG01804	East Asian
EAS___CDX___HG01805	East Asian
EAS___CDX___HG01806	East Asian
EAS___CDX___HG01807	East Asian
EAS___CDX___HG01808	East Asian
EAS___CDX___HG01809	East Asian
EAS___CDX___HG01810	East Asian
EAS___CDX___HG01811	East Asian
EAS___CDX___HG01812	East Asian
EAS___CDX___HG01813	East Asian
EAS___CDX___HG01815	East Asian
EAS___CDX___HG01816	East Asian
EAS___CDX___HG01817	East Asian
EAS___CDX___HG02151	East Asian
EAS___CDX___HG02152	East Asian
EAS___CDX___HG02153	East Asian
EAS___CDX___HG02154	East Asian
EAS___CDX___HG02155	East Asian
EAS___CDX___HG02156	East Asian
EAS___CDX___HG02164	East Asian
EAS___CDX___HG02165	East Asian
EAS___CDX___HG02166	East Asian
EAS___CDX___HG02168	East Asian
EAS___CDX___HG02169	East Asian
EAS___CDX___HG02170	East Asian
EAS___CDX___HG02173	East Asian
EAS___CDX___HG02176	East Asian
EAS___CDX___HG02178	East Asian
EAS___CDX___HG02179	East Asian
EAS___CDX___HG02180	East Asian
EAS___CDX___HG02181	East Asian
EAS___CDX___HG02182	East Asian
EAS___CDX___HG02184	East Asian
EAS___CDX___HG02185	East Asian
EAS___CDX___HG02186	East Asian
EAS___CDX___HG02187	East Asian
EAS___CDX___HG02188	East Asian
EAS___CDX___HG02190	East Asian
EAS___CDX___HG02250	East Asian
EAS___CDX___HG02351	East Asian
EAS___CDX___HG02353	East Asian
EAS___CDX___HG02355	East Asian
EAS___CDX___HG02356	East Asian
EAS___CDX___HG02358	East Asian
EAS___CDX___HG02360	East Asian
EAS___CDX___HG02364	East Asian
EAS___CDX___HG02367	East Asian
EAS___CDX___HG02371	East Asian
EAS___CDX___HG02373	East Asian
EAS___CDX___HG02374	East Asian
EAS___CDX___HG02375	East Asian
EAS___CDX___HG02379	East Asian
EAS___CDX___HG02380	East Asian
EAS___CDX___HG02382	East Asian
EAS___CDX___HG02383	East Asian
EAS___CDX___HG02384	East Asian
EAS___CDX___HG02385	East Asian
EAS___CDX___HG02386	East Asian
EAS___CDX___HG02389	East Asian
EAS___CDX___HG02390	East Asian
EAS___CDX___HG02391	East Asian
EAS___CDX___HG02392	East Asian
EAS___CDX___HG02394	East Asian
EAS___CDX___HG02395	East Asian
EAS___CDX___HG02396	East Asian
EAS___CDX___HG02397	East Asian
EAS___CDX___HG02398	East Asian
EAS___CDX___HG02399	East Asian
EAS___CDX___HG02401	East Asian
EAS___CDX___HG02402	East Asian
EAS___CDX___HG02405	East Asian
EAS___CDX___HG02406	East Asian
EAS___CDX___HG02407	East Asian
EAS___CDX___HG02408	East Asian
EAS___CDX___HG02409	East Asian
EAS___CDX___HG02410	East Asian
EAS___CHB___NA18525	East Asian
EAS___CHB___NA18526	East Asian
EAS___CHB___NA18527	East Asian
EAS___CHB___NA18528	East Asian
EAS___CHB___NA18530	East Asian
EAS___CHB___NA18531	East Asian
EAS___CHB___NA18532	East Asian
EAS___CHB___NA18533	East Asian
EAS___CHB___NA18534	East Asian
EAS___CHB___NA18535	East Asian
EAS___CHB___NA18536	East Asian
EAS___CHB___NA18537	East Asian
EAS___CHB___NA18538	East Asian
EAS___CHB___NA18539	East Asian
EAS___CHB___NA18541	East Asian
EAS___CHB___NA18542	East Asian
EAS___CHB___NA18543	East Asian
EAS___CHB___NA18544	East Asian
EAS___CHB___NA18545	East Asian
EAS___CHB___NA18546	East Asian
EAS___CHB___NA18547	East Asian
EAS___CHB___NA18548	East Asian
EAS___CHB___NA18549	East Asian
EAS___CHB___NA18550	East Asian
EAS___CHB___NA18552	East Asian
EAS___CHB___NA18553	East Asian
EAS___CHB___NA18555	East Asian
EAS___CHB___NA18557	East Asian
EAS___CHB___NA18558	East Asian
EAS___CHB___NA18559	East Asian
EAS___CHB___NA18560	East Asian
EAS___CHB___NA18561	East Asian
EAS___CHB___NA18562	East Asian
EAS___CHB___NA18563	East Asian
EAS___CHB___NA18564	East Asian
EAS___CHB___NA18565	East Asian
EAS___CHB___NA18566	East Asian
EAS___CHB___NA18567	East Asian
EAS___CHB___NA18570	East Asian
EAS___CHB___NA18571	East Asian
EAS___CHB___NA18572	East Asian
EAS___CHB___NA18573	East Asian
EAS___CHB___NA18574	East Asian
EAS___CHB___NA18576	East Asian
EAS___CHB___NA18577	East Asian
EAS___CHB___NA18579	East Asian
EAS___CHB___NA18582	East Asian
EAS___CHB___NA18591	East Asian
EAS___CHB___NA18592	East Asian
EAS___CHB___NA18593	East Asian
EAS___CHB___NA18595	East Asian
EAS___CHB___NA18596	East Asian
EAS___CHB___NA18597	East Asian
EAS___CHB___NA18599	East Asian
EAS___CHB___NA18602	East Asian
EAS___CHB___NA18603	East Asian
EAS___CHB___NA18605	East Asian
EAS___CHB___NA18606	East Asian
EAS___CHB___NA18608	East Asian
EAS___CHB___NA18609	East Asian
EAS___CHB___NA18610	East Asian
EAS___CHB___NA18611	East Asian
EAS___CHB___NA18612	East Asian
EAS___CHB___NA18613	East Asian
EAS___CHB___NA18614	East Asian
EAS___CHB___NA18615	East Asian
EAS___CHB___NA18616	East Asian
EAS___CHB___NA18617	East Asian
EAS___CHB___NA18618	East Asian
EAS___CHB___NA18619	East Asian
EAS___CHB___NA18620	East Asian
EAS___CHB___NA18621	East Asian
EAS___CHB___NA18622	East Asian
EAS___CHB___NA18623	East Asian
EAS___CHB___NA18624	East Asian
EAS___CHB___NA18625	East Asian
EAS___CHB___NA18626	East Asian
EAS___CHB___NA18627	East Asian
EAS___CHB___NA18628	East Asian
EAS___CHB___NA18629	East Asian
EAS___CHB___NA18630	East Asian
EAS___CHB___NA18631	East Asian
EAS___CHB___NA18632	East Asian
EAS___CHB___NA18633	East Asian
EAS___CHB___NA18634	East Asian
EAS___CHB___NA18635	East Asian
EAS___CHB___NA18636	East Asian
EAS___CHB___NA18637	East Asian
EAS___CHB___NA18638	East Asian
EAS___CHB___NA18639	East Asian
EAS___CHB___NA18640	East Asian
EAS___CHB___NA18641	East Asian
EAS___CHB___NA18642	East Asian
EAS___CHB___NA18643	East Asian
EAS___CHB___NA18644	East Asian
EAS___CHB___NA18645	East Asian
EAS___CHB___NA18646	East Asian
EAS___CHB___NA18647	East Asian
EAS___CHB___NA18648	East Asian
EAS___CHB___NA18740	East Asian
EAS___CHB___NA18745	East Asian
EAS___CHB___NA18747	East Asian
EAS___CHB___NA18748	East Asian
EAS___CHB___NA18749	East Asian
EAS___CHB___NA18757	East Asian
EAS___CHB___NA18791	East Asian
EAS___CHS___HG00403	East Asian
EAS___CHS___HG00404	East Asian
EAS___CHS___HG00406	East Asian
EAS___CHS___HG00407	East Asian
EAS___CHS___HG00409	East Asian
EAS___CHS___HG00410	East Asian
EAS___CHS___HG00419	East Asian
EAS___CHS___HG00421	East Asian
EAS___CHS___HG00422	East Asian
EAS___CHS___HG00428	East Asian
EAS___CHS___HG00436	East Asian
EAS___CHS___HG00437	East Asian
EAS___CHS___HG00442	East Asian
EAS___CHS___HG00443	East Asian
EAS___CHS___HG00445	East Asian
EAS___CHS___HG00446	East Asian
EAS___CHS___HG00448	East Asian
EAS___CHS___HG00449	East Asian
EAS___CHS___HG00451	East Asian
EAS___CHS___HG00452	East Asian
EAS___CHS___HG00457	East Asian
EAS___CHS___HG00458	East Asian
EAS___CHS___HG00463	East Asian
EAS___CHS___HG00464	East Asian
EAS___CHS___HG00472	East Asian
EAS___CHS___HG00473	East Asian
EAS___CHS___HG00475	East Asian
EAS___CHS___HG00476	East Asian
EAS___CHS___HG00478	East Asian
EAS___CHS___HG00479	East Asian
EAS___CHS___HG00500	East Asian
EAS___CHS___HG00513	East Asian
EAS___CHS___HG00524	East Asian
EAS___CHS___HG00525	East Asian
EAS___CHS___HG00530	East Asian
EAS___CHS___HG00531	East Asian
EAS___CHS___HG00533	East Asian
EAS___CHS___HG00534	East Asian
EAS___CHS___HG00536	East Asian
EAS___CHS___HG00537	East Asian
EAS___CHS___HG00542	East Asian
EAS___CHS___HG00543	East Asian
EAS___CHS___HG00556	East Asian
EAS___CHS___HG00557	East Asian
EAS___CHS___HG00559	East Asian
EAS___CHS___HG00560	East Asian
EAS___CHS___HG00565	East Asian
EAS___CHS___HG00566	East Asian
EAS___CHS___HG00580	East Asian
EAS___CHS___HG00581	East Asian
EAS___CHS___HG00583	East Asian
EAS___CHS___HG00584	East Asian
EAS___CHS___HG00589	East Asian
EAS___CHS___HG00590	East Asian
EAS___CHS___HG00592	East Asian
EAS___CHS___HG00593	East Asian
EAS___CHS___HG00595	East Asian
EAS___CHS___HG00596	East Asian
EAS___CHS___HG00598	East Asian
EAS___CHS___HG00599	East Asian
EAS___CHS___HG00607	East Asian
EAS___CHS___HG00608	East Asian
EAS___CHS___HG00610	East Asian
EAS___CHS___HG00611	East Asian
EAS___CHS___HG00613	East Asian
EAS___CHS___HG00614	East Asian
EAS___CHS___HG00619	East Asian
EAS___CHS___HG00620	East Asian
EAS___CHS___HG00622	East Asian
EAS___CHS___HG00623	East Asian
EAS___CHS___HG00625	East Asian
EAS___CHS___HG00626	East Asian
EAS___CHS___HG00628	East Asian
EAS___CHS___HG00629	East Asian
EAS___CHS___HG00631	East Asian
EAS___CHS___HG00632	East Asian
EAS___CHS___HG00634	East Asian
EAS___CHS___HG00650	East Asian
EAS___CHS___HG00651	East Asian
EAS___CHS___HG00653	East Asian
EAS___CHS___HG00654	East Asian
EAS___CHS___HG00656	East Asian
EAS___CHS___HG00657	East Asian
EAS___CHS___HG00662	East Asian
EAS___CHS___HG00663	East Asian
EAS___CHS___HG00671	East Asian
EAS___CHS___HG00672	East Asian
EAS___CHS___HG00674	East Asian
EAS___CHS___HG00675	East Asian
EAS___CHS___HG00683	East Asian
EAS___CHS___HG00684	East Asian
EAS___CHS___HG00689	East Asian
EAS___CHS___HG00690	East Asian
EAS___CHS___HG00692	East Asian
EAS___CHS___HG00693	East Asian
EAS___CHS___HG00698	East Asian
EAS___CHS___HG00699	East Asian
EAS___CHS___HG00701	East Asian
EAS___CHS___HG00704	East Asian
EAS___CHS___HG00705	East Asian
EAS___CHS___HG00707	East Asian
EAS___CHS___HG00708	East Asian
EAS___CHS___HG00717	East Asian
EAS___CHS___HG00728	East Asian
EAS___CHS___HG00729	East Asian
EAS___JPT___NA18939	East Asian
EAS___JPT___NA18940	East Asian
EAS___JPT___NA18941	East Asian
EAS___JPT___NA18942	East Asian
EAS___JPT___NA18943	East Asian
EAS___JPT___NA18944	East Asian
EAS___JPT___NA18945	East Asian
EAS___JPT___NA18946	East Asian
EAS___JPT___NA18947	East Asian
EAS___JPT___NA18948	East Asian
EAS___JPT___NA18949	East Asian
EAS___JPT___NA18950	East Asian
EAS___JPT___NA18951	East Asian
EAS___JPT___NA18952	East Asian
EAS___JPT___NA18953	East Asian
EAS___JPT___NA18954	East Asian
EAS___JPT___NA18955	East Asian
EAS___JPT___NA18956	East Asian
EAS___JPT___NA18957	East Asian
EAS___JPT___NA18959	East Asian
EAS___JPT___NA18960	East Asian
EAS___JPT___NA18961	East Asian
EAS___JPT___NA18962	East Asian
EAS___JPT___NA18963	East Asian
EAS___JPT___NA18964	East Asian
EAS___JPT___NA18965	East Asian
EAS___JPT___NA18966	East Asian
EAS___JPT___NA18967	East Asian
EAS___JPT___NA18968	East Asian
EAS___JPT___NA18969	East Asian
EAS___JPT___NA18970	East Asian
EAS___JPT___NA18971	East Asian
EAS___JPT___NA18972	East Asian
EAS___JPT___NA18973	East Asian
EAS___JPT___NA18974	East Asian
EAS___JPT___NA18975	East Asian
EAS___JPT___NA18976	East Asian
EAS___JPT___NA18977	East Asian
EAS___JPT___NA18978	East Asian
EAS___JPT___NA18979	East Asian
EAS___JPT___NA18980	East Asian
EAS___JPT___NA18981	East Asian
EAS___JPT___NA18982	East Asian
EAS___JPT___NA18983	East Asian
EAS___JPT___NA18984	East Asian
EAS___JPT___NA18985	East Asian
EAS___JPT___NA18986	East Asian
EAS___JPT___NA18987	East Asian
EAS___JPT___NA18988	East Asian
EAS___JPT___NA18989	East Asian
EAS___JPT___NA18990	East Asian
EAS___JPT___NA18991	East Asian
EAS___JPT___NA18992	East Asian
EAS___JPT___NA18993	East Asian
EAS___JPT___NA18994	East Asian
EAS___JPT___NA18995	East Asian
EAS___JPT___NA18997	East Asian
EAS___JPT___NA18998	East Asian
EAS___JPT___NA18999	East Asian
EAS___JPT___NA19000	East Asian
EAS___JPT___NA19001	East Asian
EAS___JPT___NA19002	East Asian
EAS___JPT___NA19003	East Asian
EAS___JPT___NA19004	East Asian
EAS___JPT___NA19005	East Asian
EAS___JPT___NA19006	East Asian
EAS___JPT___NA19007	East Asian
EAS___JPT___NA19009	East Asian
EAS___JPT___NA19010	East Asian
EAS___JPT___NA19011	East Asian
EAS___JPT___NA19012	East Asian
EAS___JPT___NA19054	East Asian
EAS___JPT___NA19055	East Asian
EAS___JPT___NA19056	East Asian
EAS___JPT___NA19057	East Asian
EAS___JPT___NA19058	East Asian
EAS___JPT___NA19059	East Asian
EAS___JPT___NA19060	East Asian
EAS___JPT___NA19062	East Asian
EAS___JPT___NA19063	East Asian
EAS___JPT___NA19064	East Asian
EAS___JPT___NA19065	East Asian
EAS___JPT___NA19066	East Asian
EAS___JPT___NA19067	East Asian
EAS___JPT___NA19068	East Asian
EAS___JPT___NA19070	East Asian
EAS___JPT___NA19072	East Asian
EAS___JPT___NA19074	East Asian
EAS___JPT___NA19075	East Asian
EAS___JPT___NA19076	East Asian
EAS___JPT___NA19077	East Asian
EAS___JPT___NA19078	East Asian
EAS___JPT___NA19079	East Asian
EAS___JPT___NA19080	East Asian
EAS___JPT___NA19081	East Asian
EAS___JPT___NA19082	East Asian
EAS___JPT___NA19083	East Asian
EAS___JPT___NA19084	East Asian
EAS___JPT___NA19085	East Asian
EAS___JPT___NA19086	East Asian
EAS___JPT___NA19087	East Asian
EAS___JPT___NA19088	East Asian
EAS___JPT___NA19089	East Asian
EAS___JPT___NA19090	East Asian
EAS___JPT___NA19091	East Asian
EAS___KHV___HG01595	East Asian
EAS___KHV___HG01596	East Asian
EAS___KHV___HG01597	East Asian
EAS___KHV___HG01598	East Asian
EAS___KHV___HG01599	East Asian
EAS___KHV___HG01600	East Asian
EAS___KHV___HG01840	East Asian
EAS___KHV___HG01841	East Asian
EAS___KHV___HG01842	East Asian
EAS___KHV___HG01843	East Asian
EAS___KHV___HG01844	East Asian
EAS___KHV___HG01845	East Asian
EAS___KHV___HG01846	East Asian
EAS___KHV___HG01847	East Asian
EAS___KHV___HG01848	East Asian
EAS___KHV___HG01849	East Asian
EAS___KHV___HG01850	East Asian
EAS___KHV___HG01851	East Asian
EAS___KHV___HG01852	East Asian
EAS___KHV___HG01853	East Asian
EAS___KHV___HG01855	East Asian
EAS___KHV___HG01857	East Asian
EAS___KHV___HG01858	East Asian
EAS___KHV___HG01859	East Asian
EAS___KHV___HG01860	East Asian
EAS___KHV___HG01861	East Asian
EAS___KHV___HG01862	East Asian
EAS___KHV___HG01863	East Asian
EAS___KHV___HG01864	East Asian
EAS___KHV___HG01865	East Asian
EAS___KHV___HG01866	East Asian
EAS___KHV___HG01867	East Asian
EAS___KHV___HG01868	East Asian
EAS___KHV___HG01869	East Asian
EAS___KHV___HG01870	East Asian
EAS___KHV___HG01871	East Asian
EAS___KHV___HG01872	East Asian
EAS___KHV___HG01873	East Asian
EAS___KHV___HG01874	East Asian
EAS___KHV___HG01878	East Asian
EAS___KHV___HG02016	East Asian
EAS___KHV___HG02017	East Asian
EAS___KHV___HG02019	East Asian
EAS___KHV___HG02020	East Asian
EAS___KHV___HG02023	East Asian
EAS___KHV___HG02025	East Asian
EAS___KHV___HG02026	East Asian
EAS___KHV___HG02028	East Asian
EAS___KHV___HG02029	East Asian
EAS___KHV___HG02031	East Asian
EAS___KHV___HG02032	East Asian
EAS___KHV___HG02035	East Asian
EAS___KHV___HG02040	East Asian
EAS___KHV___HG02047	East Asian
EAS___KHV___HG02048	East Asian
EAS___KHV___HG02049	East Asian
EAS___KHV___HG02050	East Asian
EAS___KHV___HG02057	East Asian
EAS___KHV___HG02058	East Asian
EAS___KHV___HG02060	East Asian
EAS___KHV___HG02061	East Asian
EAS___KHV___HG02064	East Asian
EAS___KHV___HG02067	East Asian
EAS___KHV___HG02069	East Asian
EAS___KHV___HG02070	East Asian
EAS___KHV___HG02072	East Asian
EAS___KHV___HG02073	East Asian
EAS___KHV___HG02075	East Asian
EAS___KHV___HG02076	East Asian
EAS___KHV___HG02078	East Asian
EAS___KHV___HG02079	East Asian
EAS___KHV___HG02081	East Asian
EAS___KHV___HG02082	East Asian
EAS___KHV___HG02084	East Asian
EAS___KHV___HG02085	East Asian
EAS___KHV___HG02086	East Asian
EAS___KHV___HG02087	East Asian
EAS___KHV___HG02088	East Asian
EAS___KHV___HG02113	East Asian
EAS___KHV___HG02116	East Asian
EAS___KHV___HG02121	East Asian
EAS___KHV___HG02122	East Asian
EAS___KHV___HG02127	East Asian
EAS___KHV___HG02128	East Asian
EAS___KHV___HG02130	East Asian
EAS___KHV___HG02131	East Asian
EAS___KHV___HG02133	East Asian
EAS___KHV___HG02134	East Asian
EAS___KHV___HG02136	East Asian
EAS___KHV___HG02137	East Asian
EAS___KHV___HG02138	East Asian
EAS___KHV___HG02139	East Asian
EAS___KHV___HG02140	East Asian
EAS___KHV___HG02141	East Asian
EAS___KHV___HG02142	East Asian
EAS___KHV___HG02512	East Asian
EAS___KHV___HG02513	East Asian
EAS___KHV___HG02521	East Asian
EAS___KHV___HG02522	East Asian
EUR___CEU___NA06984	European
EUR___CEU___NA06985	European
EUR___CEU___NA06986	European
EUR___CEU___NA06989	European
EUR___CEU___NA06994	European
EUR___CEU___NA07000	European
EUR___CEU___NA07037	European
EUR___CEU___NA07048	European
EUR___CEU___NA07051	European
EUR___CEU___NA07056	European
EUR___CEU___NA07347	European
EUR___CEU___NA07357	European
EUR___CEU___NA10847	European
EUR___CEU___NA10851	European
EUR___CEU___NA11829	European
EUR___CEU___NA11830	European
EUR___CEU___NA11831	European
EUR___CEU___NA11832	European
EUR___CEU___NA11840	European
EUR___CEU___NA11843	European
EUR___CEU___NA11881	European
EUR___CEU___NA11892	European
EUR___CEU___NA11893	European
EUR___CEU___NA11894	European
EUR___CEU___NA11918	European
EUR___CEU___NA11919	European
EUR___CEU___NA11920	European
EUR___CEU___NA11930	European
EUR___CEU___NA11931	European
EUR___CEU___NA11932	European
EUR___CEU___NA11933	European
EUR___CEU___NA11992	European
EUR___CEU___NA11994	European
EUR___CEU___NA11995	European
EUR___CEU___NA12003	European
EUR___CEU___NA12004	European
EUR___CEU___NA12005	European
EUR___CEU___NA12006	European
EUR___CEU___NA12043	European
EUR___CEU___NA12044	European
EUR___CEU___NA12045	European
EUR___CEU___NA12046	European
EUR___CEU___NA12058	European
EUR___CEU___NA12144	European
EUR___CEU___NA12154	European
EUR___CEU___NA12155	European
EUR___CEU___NA12156	European
EUR___CEU___NA12234	European
EUR___CEU___NA12249	European
EUR___CEU___NA12272	European
EUR___CEU___NA12273	European
EUR___CEU___NA12275	European
EUR___CEU___NA12282	European
EUR___CEU___NA12283	European
EUR___CEU___NA12286	European
EUR___CEU___NA12287	European
EUR___CEU___NA12340	European
EUR___CEU___NA12341	European
EUR___CEU___NA12342	European
EUR___CEU___NA12347	European
EUR___CEU___NA12348	European
EUR___CEU___NA12383	European
EUR___CEU___NA12399	European
EUR___CEU___NA12400	European
EUR___CEU___NA12413	European
EUR___CEU___NA12414	European
EUR___CEU___NA12489	European
EUR___CEU___NA12546	European
EUR___CEU___NA12716	European
EUR___CEU___NA12717	European
EUR___CEU___NA12718	European
EUR___CEU___NA12748	European
EUR___CEU___NA12749	European
EUR___CEU___NA12750	European
EUR___CEU___NA12751	European
EUR___CEU___NA12760	European
EUR___CEU___NA12761	European
EUR___CEU___NA12762	European
EUR___CEU___NA12763	European
EUR___CEU___NA12775	European
EUR___CEU___NA12776	European
EUR___CEU___NA12777	European
EUR___CEU___NA12778	European
EUR___CEU___NA12812	European
EUR___CEU___NA12813	European
EUR___CEU___NA12814	European
EUR___CEU___NA12815	European
EUR___CEU___NA12827	European
EUR___CEU___NA12828	European
EUR___CEU___NA12829	European
EUR___CEU___NA12830	European
EUR___CEU___NA12842	European
EUR___CEU___NA12843	European
EUR___CEU___NA12872	European
EUR___CEU___NA12873	European
EUR___CEU___NA12874	European
EUR___CEU___NA12878	European
EUR___CEU___NA12889	European
EUR___CEU___NA12890	European
EUR___FIN___HG00171	European
EUR___FIN___HG00173	European
EUR___FIN___HG00174	European
EUR___FIN___HG00176	European
EUR___FIN___HG00177	European
EUR___FIN___HG00178	European
EUR___FIN___HG00179	European
EUR___FIN___HG00180	European
EUR___FIN___HG00181	European
EUR___FIN___HG00182	European
EUR___FIN___HG00183	European
EUR___FIN___HG00185	European
EUR___FIN___HG00186	European
EUR___FIN___HG00187	European
EUR___FIN___HG00188	European
EUR___FIN___HG00189	European
EUR___FIN___HG00190	European
EUR___FIN___HG00266	European
EUR___FIN___HG00267	European
EUR___FIN___HG00268	European
EUR___FIN___HG00269	European
EUR___FIN___HG00270	European
EUR___FIN___HG00271	European
EUR___FIN___HG00272	European
EUR___FIN___HG00273	European
EUR___FIN___HG00274	European
EUR___FIN___HG00275	European
EUR___FIN___HG00276	European
EUR___FIN___HG00277	European
EUR___FIN___HG00278	European
EUR___FIN___HG00280	European
EUR___FIN___HG00281	European
EUR___FIN___HG00282	European
EUR___FIN___HG00284	European
EUR___FIN___HG00285	European
EUR___FIN___HG00288	European
EUR___FIN___HG00290	European
EUR___FIN___HG00302	European
EUR___FIN___HG00303	European
EUR___FIN___HG00304	European
EUR___FIN___HG00306	European
EUR___FIN___HG00308	European
EUR___FIN___HG00309	European
EUR___FIN___HG00310	European
EUR___FIN___HG00311	European
EUR___FIN___HG00312	European
EUR___FIN___HG00313	European
EUR___FIN___HG00315	European
EUR___FIN___HG00318	European
EUR___FIN___HG00319	European
EUR___FIN___HG00320	European
EUR___FIN___HG00321	European
EUR___FIN___HG00323	European
EUR___FIN___HG00324	European
EUR___FIN___HG00325	European
EUR___FIN___HG00326	European
EUR___FIN___HG00327	European
EUR___FIN___HG00328	European
EUR___FIN___HG00329	European
EUR___FIN___HG00330	European
EUR___FIN___HG00331	European
EUR___FIN___HG00332	European
EUR___FIN___HG00334	European
EUR___FIN___HG00335	European
EUR___FIN___HG00336	European
EUR___FIN___HG00337	European
EUR___FIN___HG00338	European
EUR___FIN___HG00339	European
EUR___FIN___HG00341	European
EUR___FIN___HG00342	European
EUR___FIN___HG00343	European
EUR___FIN___HG00344	European
EUR___FIN___HG00345	European
EUR___FIN___HG00346	European
EUR___FIN___HG00349	European
EUR___FIN___HG00350	European
EUR___FIN___HG00351	European
EUR___FIN___HG00353	European
EUR___FIN___HG00355	European
EUR___FIN___HG00356	European
EUR___FIN___HG00357	European
EUR___FIN___HG00358	European
EUR___FIN___HG00359	European
EUR___FIN___HG00360	European
EUR___FIN___HG00361	European
EUR___FIN___HG00362	European
EUR___FIN___HG00364	European
EUR___FIN___HG00365	European
EUR___FIN___HG00366	European
EUR___FIN___HG00367	European
EUR___FIN___HG00368	European
EUR___FIN___HG00369	European
EUR___FIN___HG00371	European
EUR___FIN___HG00372	European
EUR___FIN___HG00373	European
EUR___FIN___HG00375	European
EUR___FIN___HG00376	European
EUR___FIN___HG00377	European
EUR___FIN___HG00378	European
EUR___FIN___HG00379	European
EUR___FIN___HG00380	European
EUR___FIN___HG00381	European
EUR___FIN___HG00382	European
EUR___FIN___HG00383	European
EUR___FIN___HG00384	European
EUR___GBR___HG00096	European
EUR___GBR___HG00097	European
EUR___GBR___HG00099	European
EUR___GBR___HG00100	European
EUR___GBR___HG00101	European
EUR___GBR___HG00102	European
EUR___GBR___HG00103	European
EUR___GBR___HG00104	European
EUR___GBR___HG00105	European
EUR___GBR___HG00106	European
EUR___GBR___HG00107	European
EUR___GBR___HG00108	European
EUR___GBR___HG00109	European
EUR___GBR___HG00110	European
EUR___GBR___HG00111	European
EUR___GBR___HG00112	European
EUR___GBR___HG00113	European
EUR___GBR___HG00114	European
EUR___GBR___HG00115	European
EUR___GBR___HG00116	European
EUR___GBR___HG00117	European
EUR___GBR___HG00118	European
EUR___GBR___HG00119	European
EUR___GBR___HG00120	European
EUR___GBR___HG00121	European
EUR___GBR___HG00122	European
EUR___GBR___HG00123	European
EUR___GBR___HG00125	European
EUR___GBR___HG00126	European
EUR___GBR___HG00127	European
EUR___GBR___HG00128	European
EUR___GBR___HG00129	European
EUR___GBR___HG00130	European
EUR___GBR___HG00131	European
EUR___GBR___HG00132	European
EUR___GBR___HG00133	European
EUR___GBR___HG00134	European
EUR___GBR___HG00135	European
EUR___GBR___HG00136	European
EUR___GBR___HG00137	European
EUR___GBR___HG00138	European
EUR___GBR___HG00139	European
EUR___GBR___HG00140	European
EUR___GBR___HG00141	European
EUR___GBR___HG00142	European
EUR___GBR___HG00143	European
EUR___GBR___HG00145	European
EUR___GBR___HG00146	European
EUR___GBR___HG00148	European
EUR___GBR___HG00149	European
EUR___GBR___HG00150	European
EUR___GBR___HG00151	European
EUR___GBR___HG00152	European
EUR___GBR___HG00154	European
EUR___GBR___HG00155	European
EUR___GBR___HG00156	European
EUR___GBR___HG00157	European
EUR___GBR___HG00158	European
EUR___GBR___HG00159	European
EUR___GBR___HG00160	European
EUR___GBR___HG00231	European
EUR___GBR___HG00232	European
EUR___GBR___HG00233	European
EUR___GBR___HG00234	European
EUR___GBR___HG00235	European
EUR___GBR___HG00236	European
EUR___GBR___HG00237	European
EUR___GBR___HG00238	European
EUR___GBR___HG00239	European
EUR___GBR___HG00240	European
EUR___GBR___HG00242	European
EUR___GBR___HG00243	European
EUR___GBR___HG00244	European
EUR___GBR___HG00245	European
EUR___GBR___HG00246	European
EUR___GBR___HG00249	European
EUR___GBR___HG00250	European
EUR___GBR___HG00251	European
EUR___GBR___HG00252	European
EUR___GBR___HG00253	European
EUR___GBR___HG00254	European
EUR___GBR___HG00255	European
EUR___GBR___HG00256	European
EUR___GBR___HG00257	European
EUR___GBR___HG00258	European
EUR___GBR___HG00259	European
EUR___GBR___HG00260	European
EUR___GBR___HG00261	European
EUR___GBR___HG00262	European
EUR___GBR___HG00263	European
EUR___GBR___HG00264	European
EUR___GBR___HG00265	European
EUR___GBR___HG01334	European
EUR___GBR___HG01789	European
EUR___GBR___HG01790	European
EUR___GBR___HG01791	European
EUR___GBR___HG02215	European
EUR___GBR___HG04301	European
EUR___GBR___HG04302	European
EUR___GBR___HG04303	European
EUR___IBS___HG01500	European
EUR___IBS___HG01501	European
EUR___IBS___HG01503	European
EUR___IBS___HG01504	European
EUR___IBS___HG01506	European
EUR___IBS___HG01507	European
EUR___IBS___HG01509	European
EUR___IBS___HG01510	European
EUR___IBS___HG01512	European
EUR___IBS___HG01513	European
EUR___IBS___HG01515	European
EUR___IBS___HG01516	European
EUR___IBS___HG01518	European
EUR___IBS___HG01519	European
EUR___IBS___HG01521	European
EUR___IBS___HG01522	European
EUR___IBS___HG01524	European
EUR___IBS___HG01525	European
EUR___IBS___HG01527	European
EUR___IBS___HG01528	European
EUR___IBS___HG01530	European
EUR___IBS___HG01531	European
EUR___IBS___HG01536	European
EUR___IBS___HG01537	European
EUR___IBS___HG01602	European
EUR___IBS___HG01603	European
EUR___IBS___HG01605	European
EUR___IBS___HG01606	European
EUR___IBS___HG01607	European
EUR___IBS___HG01608	European
EUR___IBS___HG01610	European
EUR___IBS___HG01612	European
EUR___IBS___HG01613	European
EUR___IBS___HG01615	European
EUR___IBS___HG01617	European
EUR___IBS___HG01618	European
EUR___IBS___HG01619	European
EUR___IBS___HG01620	European
EUR___IBS___HG01623	European
EUR___IBS___HG01624	European
EUR___IBS___HG01625	European
EUR___IBS___HG01626	European
EUR___IBS___HG01628	European
EUR___IBS___HG01630	European
EUR___IBS___HG01631	European
EUR___IBS___HG01632	European
EUR___IBS___HG01668	European
EUR___IBS___HG01669	European
EUR___IBS___HG01670	European
EUR___IBS___HG01672	European
EUR___IBS___HG01673	European
EUR___IBS___HG01675	European
EUR___IBS___HG01676	European
EUR___IBS___HG01678	European
EUR___IBS___HG01679	European
EUR___IBS___HG01680	European
EUR___IBS___HG01682	European
EUR___IBS___HG01684	European
EUR___IBS___HG01685	European
EUR___IBS___HG01686	European
EUR___IBS___HG01694	European
EUR___IBS___HG01695	European
EUR___IBS___HG01697	European
EUR___IBS___HG01699	European
EUR___IBS___HG01700	European
EUR___IBS___HG01702	European
EUR___IBS___HG01704	European
EUR___IBS___HG01705	European
EUR___IBS___HG01707	European
EUR___IBS___HG01708	European
EUR___IBS___HG01709	European
EUR___IBS___HG01710	European
EUR___IBS___HG01746	European
EUR___IBS___HG01747	European
EUR___IBS___HG01756	European
EUR___IBS___HG01757	European
EUR___IBS___HG01761	European
EUR___IBS___HG01762	European
EUR___IBS___HG01765	European
EUR___IBS___HG01766	European
EUR___IBS___HG01767	European
EUR___IBS___HG01768	European
EUR___IBS___HG01770	European
EUR___IBS___HG01771	European
EUR___IBS___HG01773	European
EUR___IBS___HG01775	European
EUR___IBS___HG01776	European
EUR___IBS___HG01777	European
EUR___IBS___HG01779	European
EUR___IBS___HG01781	European
EUR___IBS___HG01783	European
EUR___IBS___HG01784	European
EUR___IBS___HG01785	European
EUR___IBS___HG01786	European
EUR___IBS___HG02219	European
EUR___IBS___HG02220	European
EUR___IBS___HG02221	European
EUR___IBS___HG02223	European
EUR___IBS___HG02224	European
EUR___IBS___HG02230	European
EUR___IBS___HG02231	European
EUR___IBS___HG02232	European
EUR___IBS___HG02233	European
EUR___IBS___HG02235	European
EUR___IBS___HG02236	European
EUR___IBS___HG02238	European
EUR___IBS___HG02239	European
EUR___TSI___NA20502	European
EUR___TSI___NA20503	European
EUR___TSI___NA20504	European
EUR___TSI___NA20505	European
EUR___TSI___NA20506	European
EUR___TSI___NA20507	European
EUR___TSI___NA20508	European
EUR___TSI___NA20509	European
EUR___TSI___NA20510	European
EUR___TSI___NA20511	European
EUR___TSI___NA20512	European
EUR___TSI___NA20513	European
EUR___TSI___NA20514	European
EUR___TSI___NA20515	European
EUR___TSI___NA20516	European
EUR___TSI___NA20517	European
EUR___TSI___NA20518	European
EUR___TSI___NA20519	European
EUR___TSI___NA20520	European
EUR___TSI___NA20521	European
EUR___TSI___NA20522	European
EUR___TSI___NA20524	European
EUR___TSI___NA20525	European
EUR___TSI___NA20527	European
EUR___TSI___NA20528	European
EUR___TSI___NA20529	European
EUR___TSI___NA20530	European
EUR___TSI___NA20531	European
EUR___TSI___NA20532	European
EUR___TSI___NA20533	European
EUR___TSI___NA20534	European
EUR___TSI___NA20535	European
EUR___TSI___NA20536	European
EUR___TSI___NA20537	European
EUR___TSI___NA20538	European
EUR___TSI___NA20539	European
EUR___TSI___NA20540	European
EUR___TSI___NA20541	European
EUR___TSI___NA20542	European
EUR___TSI___NA20543	European
EUR___TSI___NA20544	European
EUR___TSI___NA20581	European
EUR___TSI___NA20582	European
EUR___TSI___NA20585	European
EUR___TSI___NA20586	European
EUR___TSI___NA20587	European
EUR___TSI___NA20588	European
EUR___TSI___NA20589	European
EUR___TSI___NA20752	European
EUR___TSI___NA20753	European
EUR___TSI___NA20754	European
EUR___TSI___NA20755	European
EUR___TSI___NA20756	European
EUR___TSI___NA20757	European
EUR___TSI___NA20758	European
EUR___TSI___NA20759	European
EUR___TSI___NA20760	European
EUR___TSI___NA20761	European
EUR___TSI___NA20762	European
EUR___TSI___NA20763	European
EUR___TSI___NA20764	European
EUR___TSI___NA20765	European
EUR___TSI___NA20766	European
EUR___TSI___NA20767	European
EUR___TSI___NA20768	European
EUR___TSI___NA20769	European
EUR___TSI___NA20770	European
EUR___TSI___NA20771	European
EUR___TSI___NA20772	European
EUR___TSI___NA20773	European
EUR___TSI___NA20774	European
EUR___TSI___NA20775	European
EUR___TSI___NA20778	European
EUR___TSI___NA20783	European
EUR___TSI___NA20785	European
EUR___TSI___NA20786	European
EUR___TSI___NA20787	European
EUR___TSI___NA20790	European
EUR___TSI___NA20792	European
EUR___TSI___NA20795	European
EUR___TSI___NA20796	European
EUR___TSI___NA20797	European
EUR___TSI___NA20798	European
EUR___TSI___NA20799	European
EUR___TSI___NA20800	European
EUR___TSI___NA20801	European
EUR___TSI___NA20802	European
EUR___TSI___NA20803	European
EUR___TSI___NA20804	European
EUR___TSI___NA20805	European
EUR___TSI___NA20806	European
EUR___TSI___NA20807	European
EUR___TSI___NA20808	European
EUR___TSI___NA20809	European
EUR___TSI___NA20810	European
EUR___TSI___NA20811	European
EUR___TSI___NA20812	European
EUR___TSI___NA20813	European
EUR___TSI___NA20814	European
EUR___TSI___NA20815	European
EUR___TSI___NA20816	European
EUR___TSI___NA20818	European
EUR___TSI___NA20819	European
EUR___TSI___NA20821	European
EUR___TSI___NA20822	European
EUR___TSI___NA20826	European
EUR___TSI___NA20827	European
EUR___TSI___NA20828	European
EUR___TSI___NA20829	European
EUR___TSI___NA20831	European
EUR___TSI___NA20832	European
Population	Unknown
SAS___BEB___HG03006	South Asian
SAS___BEB___HG03007	South Asian
SAS___BEB___HG03009	South Asian
SAS___BEB___HG03012	South Asian
SAS___BEB___HG03585	South Asian
SAS___BEB___HG03589	South Asian
SAS___BEB___HG03593	South Asian
SAS___BEB___HG03594	South Asian
SAS___BEB___HG03595	South Asian
SAS___BEB___HG03598	South Asian
SAS___BEB___HG03600	South Asian
SAS___BEB___HG03603	South Asian
SAS___BEB___HG03604	South Asian
SAS___BEB___HG03607	South Asian
SAS___BEB___HG03611	South Asian
SAS___BEB___HG03615	South Asian
SAS___BEB___HG03616	South Asian
SAS___BEB___HG03793	South Asian
SAS___BEB___HG03796	South Asian
SAS___BEB___HG03800	South Asian
SAS___BEB___HG03802	South Asian
SAS___BEB___HG03803	South Asian
SAS___BEB___HG03805	South Asian
SAS___BEB___HG03808	South Asian
SAS___BEB___HG03809	South Asian
SAS___BEB___HG03812	South Asian
SAS___BEB___HG03814	South Asian
SAS___BEB___HG03815	South Asian
SAS___BEB___HG03817	South Asian
SAS___BEB___HG03821	South Asian
SAS___BEB___HG03823	South Asian
SAS___BEB___HG03824	South Asian
SAS___BEB___HG03826	South Asian
SAS___BEB___HG03829	South Asian
SAS___BEB___HG03830	South Asian
SAS___BEB___HG03832	South Asian
SAS___BEB___HG03833	South Asian
SAS___BEB___HG03902	South Asian
SAS___BEB___HG03905	South Asian
SAS___BEB___HG03907	South Asian
SAS___BEB___HG03908	South Asian
SAS___BEB___HG03910	South Asian
SAS___BEB___HG03911	South Asian
SAS___BEB___HG03913	South Asian
SAS___BEB___HG03914	South Asian
SAS___BEB___HG03916	South Asian
SAS___BEB___HG03917	South Asian
SAS___BEB___HG03919	South Asian
SAS___BEB___HG03920	South Asian
SAS___BEB___HG03922	South Asian
SAS___BEB___HG03925	South Asian
SAS___BEB___HG03926	South Asian
SAS___BEB___HG03928	South Asian
SAS___BEB___HG03931	South Asian
SAS___BEB___HG03934	South Asian
SAS___BEB___HG03937	South Asian
SAS___BEB___HG03940	South Asian
SAS___BEB___HG03941	South Asian
SAS___BEB___HG04131	South Asian
SAS___BEB___HG04134	South Asian
SAS___BEB___HG04140	South Asian
SAS___BEB___HG04141	South Asian
SAS___BEB___HG04144	South Asian
SAS___BEB___HG04146	South Asian
SAS___BEB___HG04152	South Asian
SAS___BEB___HG04153	South Asian
SAS___BEB___HG04155	South Asian
SAS___BEB___HG04156	South Asian
SAS___BEB___HG04158	South Asian
SAS___BEB___HG04159	South Asian
SAS___BEB___HG04161	South Asian
SAS___BEB___HG04162	South Asian
SAS___BEB___HG04164	South Asian
SAS___BEB___HG04171	South Asian
SAS___BEB___HG04173	South Asian
SAS___BEB___HG04176	South Asian
SAS___BEB___HG04177	South Asian
SAS___BEB___HG04180	South Asian
SAS___BEB___HG04182	South Asian
SAS___BEB___HG04183	South Asian
SAS___BEB___HG04185	South Asian
SAS___BEB___HG04186	South Asian
SAS___BEB___HG04188	South Asian
SAS___BEB___HG04189	South Asian
SAS___BEB___HG04194	South Asian
SAS___BEB___HG04195	South Asian
SAS___GIH___NA20845	South Asian
SAS___GIH___NA20846	South Asian
SAS___GIH___NA20847	South Asian
SAS___GIH___NA20849	South Asian
SAS___GIH___NA20850	South Asian
SAS___GIH___NA20851	South Asian
SAS___GIH___NA20852	South Asian
SAS___GIH___NA20853	South Asian
SAS___GIH___NA20854	South Asian
SAS___GIH___NA20856	South Asian
SAS___GIH___NA20858	South Asian
SAS___GIH___NA20859	South Asian
SAS___GIH___NA20861	South Asian
SAS___GIH___NA20862	South Asian
SAS___GIH___NA20863	South Asian
SAS___GIH___NA20864	South Asian
SAS___GIH___NA20866	South Asian
SAS___GIH___NA20867	South Asian
SAS___GIH___NA20868	South Asian
SAS___GIH___NA20869	South Asian
SAS___GIH___NA20870	South Asian
SAS___GIH___NA20872	South Asian
SAS___GIH___NA20873	South Asian
SAS___GIH___NA20874	South Asian
SAS___GIH___NA20875	South Asian
SAS___GIH___NA20876	South Asian
SAS___GIH___NA20877	South Asian
SAS___GIH___NA20878	South Asian
SAS___GIH___NA20881	South Asian
SAS___GIH___NA20882	South Asian
SAS___GIH___NA20883	South Asian
SAS___GIH___NA20884	South Asian
SAS___GIH___NA20885	South Asian
SAS___GIH___NA20886	South Asian
SAS___GIH___NA20887	South Asian
SAS___GIH___NA20888	South Asian
SAS___GIH___NA20889	South Asian
SAS___GIH___NA20890	South Asian
SAS___GIH___NA20891	South Asian
SAS___GIH___NA20892	South Asian
SAS___GIH___NA20894	South Asian
SAS___GIH___NA20895	South Asian
SAS___GIH___NA20896	South Asian
SAS___GIH___NA20897	South Asian
SAS___GIH___NA20899	South Asian
SAS___GIH___NA20900	South Asian
SAS___GIH___NA20901	South Asian
SAS___GIH___NA20902	South Asian
SAS___GIH___NA20903	South Asian
SAS___GIH___NA20904	South Asian
SAS___GIH___NA20905	South Asian
SAS___GIH___NA20906	South Asian
SAS___GIH___NA20908	South Asian
SAS___GIH___NA20910	South Asian
SAS___GIH___NA20911	South Asian
SAS___GIH___NA21086	South Asian
SAS___GIH___NA21087	South Asian
SAS___GIH___NA21088	South Asian
SAS___GIH___NA21089	South Asian
SAS___GIH___NA21090	South Asian
SAS___GIH___NA21091	South Asian
SAS___GIH___NA21092	South Asian
SAS___GIH___NA21093	South Asian
SAS___GIH___NA21094	South Asian
SAS___GIH___NA21095	South Asian
SAS___GIH___NA21097	South Asian
SAS___GIH___NA21098	South Asian
SAS___GIH___NA21099	South Asian
SAS___GIH___NA21100	South Asian
SAS___GIH___NA21101	South Asian
SAS___GIH___NA21102	South Asian
SAS___GIH___NA21103	South Asian
SAS___GIH___NA21104	South Asian
SAS___GIH___NA21105	South Asian
SAS___GIH___NA21106	South Asian
SAS___GIH___NA21107	South Asian
SAS___GIH___NA21108	South Asian
SAS___GIH___NA21109	South Asian
SAS___GIH___NA21110	South Asian
SAS___GIH___NA21111	South Asian
SAS___GIH___NA21112	South Asian
SAS___GIH___NA21113	South Asian
SAS___GIH___NA21114	South Asian
SAS___GIH___NA21115	South Asian
SAS___GIH___NA21116	South Asian
SAS___GIH___NA21117	South Asian
SAS___GIH___NA21118	South Asian
SAS___GIH___NA21119	South Asian
SAS___GIH___NA21120	South Asian
SAS___GIH___NA21121	South Asian
SAS___GIH___NA21122	South Asian
SAS___GIH___NA21123	South Asian
SAS___GIH___NA21124	South Asian
SAS___GIH___NA21125	South Asian
SAS___GIH___NA21126	South Asian
SAS___GIH___NA21127	South Asian
SAS___GIH___NA21128	South Asian
SAS___GIH___NA21129	South Asian
SAS___GIH___NA21130	South Asian
SAS___GIH___NA21133	South Asian
SAS___GIH___NA21135	South Asian
SAS___GIH___NA21137	South Asian
SAS___GIH___NA21141	South Asian
SAS___GIH___NA21142	South Asian
SAS___GIH___NA21143	South Asian
SAS___GIH___NA21144	South Asian
SAS___ITU___HG03713	South Asian
SAS___ITU___HG03714	South Asian
SAS___ITU___HG03716	South Asian
SAS___ITU___HG03717	South Asian
SAS___ITU___HG03718	South Asian
SAS___ITU___HG03720	South Asian
SAS___ITU___HG03722	South Asian
SAS___ITU___HG03727	South Asian
SAS___ITU___HG03729	South Asian
SAS___ITU___HG03730	South Asian
SAS___ITU___HG03731	South Asian
SAS___ITU___HG03742	South Asian
SAS___ITU___HG03770	South Asian
SAS___ITU___HG03771	South Asian
SAS___ITU___HG03772	South Asian
SAS___ITU___HG03773	South Asian
SAS___ITU___HG03774	South Asian
SAS___ITU___HG03775	South Asian
SAS___ITU___HG03777	South Asian
SAS___ITU___HG03778	South Asian
SAS___ITU___HG03779	South Asian
SAS___ITU___HG03780	South Asian
SAS___ITU___HG03781	South Asian
SAS___ITU___HG03782	South Asian
SAS___ITU___HG03784	South Asian
SAS___ITU___HG03785	South Asian
SAS___ITU___HG03786	South Asian
SAS___ITU___HG03787	South Asian
SAS___ITU___HG03788	South Asian
SAS___ITU___HG03789	South Asian
SAS___ITU___HG03790	South Asian
SAS___ITU___HG03792	South Asian
SAS___ITU___HG03861	South Asian
SAS___ITU___HG03862	South Asian
SAS___ITU___HG03863	South Asian
SAS___ITU___HG03864	South Asian
SAS___ITU___HG03866	South Asian
SAS___ITU___HG03867	South Asian
SAS___ITU___HG03868	South Asian
SAS___ITU___HG03869	South Asian
SAS___ITU___HG03870	South Asian
SAS___ITU___HG03871	South Asian
SAS___ITU___HG03872	South Asian
SAS___ITU___HG03873	South Asian
SAS___ITU___HG03874	South Asian
SAS___ITU___HG03875	South Asian
SAS___ITU___HG03882	South Asian
SAS___ITU___HG03960	South Asian
SAS___ITU___HG03963	South Asian
SAS___ITU___HG03965	South Asian
SAS___ITU___HG03967	South Asian
SAS___ITU___HG03968	South Asian
SAS___ITU___HG03969	South Asian
SAS___ITU___HG03971	South Asian
SAS___ITU___HG03973	South Asian
SAS___ITU___HG03974	South Asian
SAS___ITU___HG03976	South Asian
SAS___ITU___HG03977	South Asian
SAS___ITU___HG03978	South Asian
SAS___ITU___HG04001	South Asian
SAS___ITU___HG04002	South Asian
SAS___ITU___HG04014	South Asian
SAS___ITU___HG04015	South Asian
SAS___ITU___HG04017	South Asian
SAS___ITU___HG04018	South Asian
SAS___ITU___HG04019	South Asian
SAS___ITU___HG04020	South Asian
SAS___ITU___HG04022	South Asian
SAS___ITU___HG04023	South Asian
SAS___ITU___HG04025	South Asian
SAS___ITU___HG04026	South Asian
SAS___ITU___HG04054	South Asian
SAS___ITU___HG04056	South Asian
SAS___ITU___HG04059	South Asian
SAS___ITU___HG04060	South Asian
SAS___ITU___HG04061	South Asian
SAS___ITU___HG04062	South Asian
SAS___ITU___HG04063	South Asian
SAS___ITU___HG04070	South Asian
SAS___ITU___HG04076	South Asian
SAS___ITU___HG04080	South Asian
SAS___ITU___HG04090	South Asian
SAS___ITU___HG04093	South Asian
SAS___ITU___HG04094	South Asian
SAS___ITU___HG04096	South Asian
SAS___ITU___HG04098	South Asian
SAS___ITU___HG04118	South Asian
SAS___ITU___HG04198	South Asian
SAS___ITU___HG04200	South Asian
SAS___ITU___HG04202	South Asian
SAS___ITU___HG04206	South Asian
SAS___ITU___HG04209	South Asian
SAS___ITU___HG04211	South Asian
SAS___ITU___HG04212	South Asian
SAS___ITU___HG04214	South Asian
SAS___ITU___HG04216	South Asian
SAS___ITU___HG04219	South Asian
SAS___ITU___HG04222	South Asian
SAS___ITU___HG04225	South Asian
SAS___ITU___HG04235	South Asian
SAS___ITU___HG04238	South Asian
SAS___ITU___HG04239	South Asian
SAS___PJL___HG01583	South Asian
SAS___PJL___HG01586	South Asian
SAS___PJL___HG01589	South Asian
SAS___PJL___HG01593	South Asian
SAS___PJL___HG02490	South Asian
SAS___PJL___HG02491	South Asian
SAS___PJL___HG02493	South Asian
SAS___PJL___HG02494	South Asian
SAS___PJL___HG02597	South Asian
SAS___PJL___HG02600	South Asian
SAS___PJL___HG02601	South Asian
SAS___PJL___HG02603	South Asian
SAS___PJL___HG02604	South Asian
SAS___PJL___HG02648	South Asian
SAS___PJL___HG02649	South Asian
SAS___PJL___HG02651	South Asian
SAS___PJL___HG02652	South Asian
SAS___PJL___HG02654	South Asian
SAS___PJL___HG02655	South Asian
SAS___PJL___HG02657	South Asian
SAS___PJL___HG02658	South Asian
SAS___PJL___HG02660	South Asian
SAS___PJL___HG02661	South Asian
SAS___PJL___HG02681	South Asian
SAS___PJL___HG02682	South Asian
SAS___PJL___HG02684	South Asian
SAS___PJL___HG02685	South Asian
SAS___PJL___HG02687	South Asian
SAS___PJL___HG02688	South Asian
SAS___PJL___HG02690	South Asian
SAS___PJL___HG02691	South Asian
SAS___PJL___HG02694	South Asian
SAS___PJL___HG02696	South Asian
SAS___PJL___HG02697	South Asian
SAS___PJL___HG02699	South Asian
SAS___PJL___HG02700	South Asian
SAS___PJL___HG02724	South Asian
SAS___PJL___HG02725	South Asian
SAS___PJL___HG02727	South Asian
SAS___PJL___HG02728	South Asian
SAS___PJL___HG02731	South Asian
SAS___PJL___HG02733	South Asian
SAS___PJL___HG02734	South Asian
SAS___PJL___HG02736	South Asian
SAS___PJL___HG02737	South Asian
SAS___PJL___HG02774	South Asian
SAS___PJL___HG02775	South Asian
SAS___PJL___HG02778	South Asian
SAS___PJL___HG02780	South Asian
SAS___PJL___HG02783	South Asian
SAS___PJL___HG02784	South Asian
SAS___PJL___HG02786	South Asian
SAS___PJL___HG02787	South Asian
SAS___PJL___HG02789	South Asian
SAS___PJL___HG02790	South Asian
SAS___PJL___HG02792	South Asian
SAS___PJL___HG02793	South Asian
SAS___PJL___HG03015	South Asian
SAS___PJL___HG03016	South Asian
SAS___PJL___HG03018	South Asian
SAS___PJL___HG03019	South Asian
SAS___PJL___HG03021	South Asian
SAS___PJL___HG03022	South Asian
SAS___PJL___HG03228	South Asian
SAS___PJL___HG03229	South Asian
SAS___PJL___HG03234	South Asian
SAS___PJL___HG03235	South Asian
SAS___PJL___HG03237	South Asian
SAS___PJL___HG03238	South Asian
SAS___PJL___HG03488	South Asian
SAS___PJL___HG03490	South Asian
SAS___PJL___HG03491	South Asian
SAS___PJL___HG03619	South Asian
SAS___PJL___HG03624	South Asian
SAS___PJL___HG03625	South Asian
SAS___PJL___HG03629	South Asian
SAS___PJL___HG03631	South Asian
SAS___PJL___HG03634	South Asian
SAS___PJL___HG03636	South Asian
SAS___PJL___HG03640	South Asian
SAS___PJL___HG03649	South Asian
SAS___PJL___HG03652	South Asian
SAS___PJL___HG03653	South Asian
SAS___PJL___HG03660	South Asian
SAS___PJL___HG03663	South Asian
SAS___PJL___HG03667	South Asian
SAS___PJL___HG03668	South Asian
SAS___PJL___HG03702	South Asian
SAS___PJL___HG03703	South Asian
SAS___PJL___HG03705	South Asian
SAS___PJL___HG03706	South Asian
SAS___PJL___HG03708	South Asian
SAS___PJL___HG03709	South Asian
SAS___PJL___HG03762	South Asian
SAS___PJL___HG03765	South Asian
SAS___PJL___HG03767	South Asian
SAS___STU___HG03642	South Asian
SAS___STU___HG03643	South Asian
SAS___STU___HG03644	South Asian
SAS___STU___HG03645	South Asian
SAS___STU___HG03646	South Asian
SAS___STU___HG03672	South Asian
SAS___STU___HG03673	South Asian
SAS___STU___HG03679	South Asian
SAS___STU___HG03680	South Asian
SAS___STU___HG03681	South Asian
SAS___STU___HG03684	South Asian
SAS___STU___HG03685	South Asian
SAS___STU___HG03686	South Asian
SAS___STU___HG03687	South Asian
SAS___STU___HG03689	South Asian
SAS___STU___HG03690	South Asian
SAS___STU___HG03691	South Asian
SAS___STU___HG03692	South Asian
SAS___STU___HG03693	South Asian
SAS___STU___HG03694	South Asian
SAS___STU___HG03695	South Asian
SAS___STU___HG03696	South Asian
SAS___STU___HG03697	South Asian
SAS___STU___HG03698	South Asian
SAS___STU___HG03711	South Asian
SAS___STU___HG03733	South Asian
SAS___STU___HG03736	South Asian
SAS___STU___HG03738	South Asian
SAS___STU___HG03740	South Asian
SAS___STU___HG03741	South Asian
SAS___STU___HG03743	South Asian
SAS___STU___HG03744	South Asian
SAS___STU___HG03745	South Asian
SAS___STU___HG03746	South Asian
SAS___STU___HG03750	South Asian
SAS___STU___HG03752	South Asian
SAS___STU___HG03753	South Asian
SAS___STU___HG03754	South Asian
SAS___STU___HG03755	South Asian
SAS___STU___HG03756	South Asian
SAS___STU___HG03757	South Asian
SAS___STU___HG03760	South Asian
SAS___STU___HG03836	South Asian
SAS___STU___HG03837	South Asian
SAS___STU___HG03838	South Asian
SAS___STU___HG03844	South Asian
SAS___STU___HG03846	South Asian
SAS___STU___HG03848	South Asian
SAS___STU___HG03849	South Asian
SAS___STU___HG03850	South Asian
SAS___STU___HG03851	South Asian
SAS___STU___HG03854	South Asian
SAS___STU___HG03856	South Asian
SAS___STU___HG03857	South Asian
SAS___STU___HG03858	South Asian
SAS___STU___HG03884	South Asian
SAS___STU___HG03885	South Asian
SAS___STU___HG03886	South Asian
SAS___STU___HG03887	South Asian
SAS___STU___HG03888	South Asian
SAS___STU___HG03890	South Asian
SAS___STU___HG03894	South Asian
SAS___STU___HG03895	South Asian
SAS___STU___HG03896	South Asian
SAS___STU___HG03897	South Asian
SAS___STU___HG03898	South Asian
SAS___STU___HG03899	South Asian
SAS___STU___HG03900	South Asian
SAS___STU___HG03943	South Asian
SAS___STU___HG03944	South Asian
SAS___STU___HG03945	South Asian
SAS___STU___HG03947	South Asian
SAS___STU___HG03949	South Asian
SAS___STU___HG03950	South Asian
SAS___STU___HG03951	South Asian
SAS___STU___HG03953	South Asian
SAS___STU___HG03955	South Asian
SAS___STU___HG03985	South Asian
SAS___STU___HG03986	South Asian
SAS___STU___HG03989	South Asian
SAS___STU___HG03990	South Asian
SAS___STU___HG03991	South Asian
SAS___STU___HG03995	South Asian
SAS___STU___HG03998	South Asian
SAS___STU___HG03999	South Asian
SAS___STU___HG04003	South Asian
SAS___STU___HG04006	South Asian
SAS___STU___HG04029	South Asian
SAS___STU___HG04033	South Asian
SAS___STU___HG04035	South Asian
SAS___STU___HG04038	South Asian
SAS___STU___HG04039	South Asian
SAS___STU___HG04042	South Asian
SAS___STU___HG04047	South Asian
SAS___STU___HG04075	South Asian
SAS___STU___HG04099	South Asian
SAS___STU___HG04100	South Asian
SAS___STU___HG04106	South Asian
SAS___STU___HG04107	South Asian
SAS___STU___HG04210	South Asian
SAS___STU___HG04227	South Asian
SAS___STU___HG04229	South Asian
